Index,Customer Name ,Company,City,Country,Phone 1,Phone 2,Email
111,NicholeCannon,Rios and Sons,West Devon,Burundi,647787401,139.476.1068,blandry@henson-harris.biz
112,BernardRitter,Bradford and Sons,West Francisco,Palau,292.313.1902,(065)075-0554,tammiepope@arroyo-baldwin.com
113,DarrylArcher,Kerr-Cherry,Holtfurt,Uganda,(389)437-1716,092.364.7349x593,woodalejandro@skinner-sloan.biz
114,RyanLi,"Hooper, Cross and Holt",Batesville,Liechtenstein,001-119-787-0125x4500,001-477-254-3645,lmassey@duke.com
115,VickiNunez,"Leonard, Galvan and Blackburn",Barbaraborough,Haiti,(217)474-0312,(098)195-0840x79579,zgrant@sweeney.com
116,SeanTownsend,Preston-Sosa,Velasquezberg,Iran,001-534-283-5153,5786415664,lkline@maxwell.info
117,SophiaMathis,Richard-Velasquez,Toddhaven,Switzerland,001-858-762-7896x916,274-147-4185x15182,brockmason@faulkner-may.com
118,HelenPotts,"Rangel, Livingston and Patel",Douglasland,Seychelles,(140)862-2659,-8339,carrollmia@donovan-keith.com
119,JoannFinley,Harvey PLC,Barrettshire,Montserrat,(941)715-8720x950,155.433.4824x955,gabriela86@sampson.com
120,ThomasWalsh,Best-Thomas,Roblesport,Kiribati,679.326.0724,001-305-038-6009,timcoleman@frank-king.org
